GEONAME,LNTITLE,GEOID,LNNUMBER,TOT_EST,TOT_MOE,ADU_EST,ADU_MOE,CIT_EST,CIT_MOE,CVAP_EST,CVAP_MOE
Alabama,Total,04000US01,1,4850770,0,3748090,436,4744555,3160,3651915,2853
Alabama,Not Hispanic or Latino,04000US01,2,4652395,234,3627240,444,4606390,1938,3585900,1847
Alabama,American Indian or Alaska Native Alone,04000US01,3,22605,1039,18265,812,22560,1019,18220,799
Alabama,Asian Alone,04000US01,4,63730,1264,48885,774,40295,1415,28160,1055
Alabama,Black or African American Alone,04000US01,5,1284095,1940,959250,1034,1276885,2072,952790,1318
Alabama,Native Hawaiian or Other Pacific Islander Alone,04000US01,6,1460,250,1125,211,1315,245,1025,209
Alabama,White Alone,04000US01,7,3202835,27,2557705,27,3188605,1167,2544540,1101
Alabama,American Indian or Alaska Native and White,04000US01,8,26180,1036,20630,852,26155,1037,20605,853
Alabama,Asian and White,04000US01,9,12195,1234,6480,707,11625,1165,6005,672
Alabama,Black or African American and White,04000US01,10,27555,1596,7670,728,27495,1596,7610,732
Alabama,American Indian or Alaska Native and Black or African American,04000US01,11,4060,695,2900,455,4015,679,2855,436
Alabama,Remainder of Two or More Race Responses,04000US01,12,7675,932,4325,528,7440,892,4100,503
Alabama,Hispanic or Latino,04000US01,13,198375,234,120850,304,138160,2035,66010,1773
Alaska,Total,04000US02,1,738565,0,552320,221,714360,1499,530555,1316
Alaska,Not Hispanic or Latino,04000US02,2,688405,0,519665,165,667760,1377,501155,1191
Alaska,American Indian or Alaska Native Alone,04000US02,3,101785,1351,69690,934,101765,1350,69670,932
Alaska,Asian Alone,04000US02,4,44940,862,34315,526,31995,1006,22780,887
Alaska,Black or African American Alone,04000US02,5,22740,744,17275,458,21100,750,16050,506
Alaska,Native Hawaiian or Other Pacific Islander Alone,04000US02,6,8910,267,5865,193,8085,369,5180,266
Alaska,White Alone,04000US02,7,455685,15,362390,29,450845,534,357665,534
Alaska,American Indian or Alaska Native and White,04000US02,8,30800,1164,18805,743,30725,1171,18745,735
Alaska,Asian and White,04000US02,9,7365,706,3725,470,7280,701,3685,462
Alaska,Black or African American and White,04000US02,10,6105,630,2545,385,6075,617,2510,388
Alaska,American Indian or Alaska Native and Black or African American,04000US02,11,1795,383,910,209,1795,383,910,209
Alaska,Remainder of Two or More Race Responses,04000US02,12,8280,879,4145,497,8095,873,3960,502
Alaska,Hispanic or Latino,04000US02,13,50160,0,32655,112,46595,521,29400,496
Arizona,Total,04000US04,1,6809945,0,5187520,180,6273240,6385,4690175,5932
Arizona,Not Hispanic or Latino,04000US04,2,4706425,0,3795570,179,4547580,3352,3652205,2995
Arizona,American Indian or Alaska Native Alone,04000US04,3,267310,2220,187725,1438,266585,2192,187145,1431
Arizona,Asian Alone,04000US04,4,210115,1833,168125,1242,143765,2217,108595,1874
Arizona,Black or African American Alone,04000US04,5,277905,2197,206510,1327,262985,2360,194935,1440
Arizona,Native Hawaiian or Other Pacific Islander Alone,04000US04,6,12115,541,9505,311,10810,544,8375,369
Arizona,White Alone,04000US04,7,3794725,29,3145400,29,3721745,2303,3077175,2117
Arizona,American Indian or Alaska Native and White,04000US04,8,34625,2072,24660,1289,34525,2075,24570,1291
Arizona,Asian and White,04000US04,9,38745,1823,20105,1269,37265,1744,18765,1174
Arizona,Black or African American and White,04000US04,10,41690,1937,16510,980,41405,1936,16255,975
Arizona,American Indian or Alaska Native and Black or African American,04000US04,11,5940,826,3470,575,5940,826,3470,575
Arizona,Remainder of Two or More Race Responses,04000US04,12,23265,1453,13560,1007,22565,1448,12910,985
Arizona,Hispanic or Latino,04000US04,13,2103525,0,1391950,0,1725660,5364,1037975,5006
Arkansas,Total,04000US05,1,2977945,0,2272225,462,2881545,2579,2183895,2211
Arkansas,Not Hispanic or Latino,04000US05,2,2764700,272,2142180,493,2733185,1693,2114200,1377
Arkansas,American Indian or Alaska Native Alone,04000US05,3,17010,952,13260,627,17010,952,13260,627
Arkansas,Asian Alone,04000US05,4,42870,928,32790,570,27145,1100,18695,738
Arkansas,Black or African American Alone,04000US05,5,458505,1577,331690,858,456350,1614,329680,930
Arkansas,Native Hawaiian or Other Pacific Islander Alone,04000US05,6,7380,396,4290,276,3520,583,1370,383
Arkansas,White Alone,04000US05,7,2177225,27,1725915,27,2168400,1051,1717690,931
Arkansas,American Indian or Alaska Native and White,04000US05,8,27630,903,21275,739,27560,889,21225,728
Arkansas,Asian and White,04000US05,9,7550,806,3375,434,7020,750,2895,429
Arkansas,Black or African American and White,04000US05,10,19335,1269,5065,675,19240,1261,5055,675
Arkansas,American Indian or Alaska Native and Black or African American,04000US05,11,2500,638,1730,452,2500,638,1730,452
Arkansas,Remainder of Two or More Race Responses,04000US05,12,4695,671,2790,405,4445,646,2600,365
Arkansas,Hispanic or Latino,04000US05,13,213245,273,130045,307,148360,1843,69695,1693
California,Total,04000US06,1,38982845,0,29868125,406,33732245,31236,24970110,28651
California,Not Hispanic or Latino,04000US06,2,23876985,0,19493225,401,22030710,13894,17810390,12648
California,American Indian or Alaska Native Alone,04000US06,3,139860,2534,110440,1797,138410,2580,109165,1825
California,Asian Alone,04000US06,4,5473875,8796,4465975,5710,4254285,10497,3347230,9239
California,Black or African American Alone,04000US06,5,2182980,5991,1712615,3529,2120905,6049,1657205,3832
California,Native Hawaiian or Other Pacific Islander Alone,04000US06,6,141150,1503,110530,1072,124695,1624,95350,1275
California,White Alone,04000US06,7,14848220,29,12452810,7,14337220,6624,11990425,5983
California,American Indian or Alaska Native and White,04000US06,8,167135,2468,131215,1817,166495,2486,130635,1846
California,Asian and White,04000US06,9,461750,8088,241820,4732,437925,7389,222780,4390
California,Black or African American and White,04000US06,10,201530,4740,99600,2779,198840,4765,97260,2786
California,American Indian or Alaska Native and Black or African American,04000US06,11,34005,2359,26900,1706,33775,2345,26715,1697
California,Remainder of Two or More Race Responses,04000US06,12,226480,5468,141315,3949,218165,5428,133620,3864
California,Hispanic or Latino,04000US06,13,15105860,0,10374900,38,11701535,22776,7159720,21161
Colorado,Total,04000US08,1,5436520,0,4185185,570,5116325,5836,3893360,5271
Colorado,Not Hispanic or Latino,04000US08,2,4279320,395,3417655,730,4162990,3023,3314305,2689
Colorado,American Indian or Alaska Native Alone,04000US08,3,28755,1080,22605,876,28660,1090,22530,877
Colorado,Asian Alone,04000US08,4,163860,1694,128030,1179,114960,1881,84960,1526
Colorado,Black or African American Alone,04000US08,5,212000,2093,159610,1254,195265,2566,145535,1712
Colorado,Native Hawaiian or Other Pacific Islander Alone,04000US08,6,7490,492,5600,322,6590,528,4815,343
Colorado,White Alone,04000US08,7,3741570,424,3029985,399,3694550,2008,2987030,1814
Colorado,American Indian or Alaska Native and White,04000US08,8,31200,1038,23795,889,31185,1037,23780,886
Colorado,Asian and White,04000US08,9,37815,1613,19875,1068,35825,1588,18165,1010
Colorado,Black or African American and White,04000US08,10,34085,1798,14265,1033,33840,1782,14025,1034
Colorado,American Indian or Alaska Native and Black or African American,04000US08,11,4070,759,2950,531,4055,752,2935,521
Colorado,Remainder of Two or More Race Responses,04000US08,12,18470,1246,10935,763,18060,1265,10530,762
Colorado,Hispanic or Latino,04000US08,13,1157200,396,767530,388,953335,4743,579055,4163
Connecticut,Total,04000US09,1,3594480,0,2831745,180,3340090,4596,2599795,4065
Connecticut,Not Hispanic or Latino,04000US09,2,3042560,0,2453715,180,2883915,3752,2310095,3356
Connecticut,American Indian or Alaska Native Alone,04000US09,3,5305,450,4040,305,5120,453,3885,310
Connecticut,Asian Alone,04000US09,4,157825,1279,123535,828,101065,1853,72955,1400
Connecticut,Black or African American Alone,04000US09,5,354945,1916,269375,1267,321455,2502,239660,1831
Connecticut,Native Hawaiian or Other Pacific Islander Alone,04000US09,6,730,189,670,179,655,184,590,180
Connecticut,White Alone,04000US09,7,2455160,28,2020205,28,2389335,2120,1958880,2027
Connecticut,American Indian or Alaska Native and White,04000US09,8,10415,445,7835,343,10400,445,7815,348
Connecticut,Asian and White,04000US09,9,19370,1232,7620,743,18070,1155,6640,651
Connecticut,Black or African American and White,04000US09,10,24775,1581,10935,845,24350,1550,10610,789
Connecticut,American Indian or Alaska Native and Black or African American,04000US09,11,4685,840,3555,605,4655,840,3525,601
Connecticut,Remainder of Two or More Race Responses,04000US09,12,9345,973,5950,769,8815,957,5540,755
Connecticut,Hispanic or Latino,04000US09,13,551915,0,378030,0,456175,2971,289700,2628
Delaware,Total,04000US10,1,943730,0,739680,192,898095,1811,697330,1566
Delaware,Not Hispanic or Latino,04000US10,2,858940,0,685565,191,832225,1358,660960,1184
Delaware,American Indian or Alaska Native Alone,04000US10,3,2890,380,2445,273,2865,374,2445,272
Delaware,Asian Alone,04000US10,4,36455,630,28645,389,22455,923,15755,747
Delaware,Black or African American Alone,04000US10,5,201965,1268,151340,727,195040,1514,145125,1002
Delaware,Native Hawaiian or Other Pacific Islander Alone,04000US10,6,220,100,190,84,210,94,175,85
Delaware,White Alone,04000US10,7,596255,27,493455,27,590805,705,488275,669
Delaware,American Indian or Alaska Native and White,04000US10,8,2375,357,1905,326,2375,357,1905,326
Delaware,Asian and White,04000US10,9,3400,428,1680,275,3190,409,1470,237
Delaware,Black or African American and White,04000US10,10,10645,1036,2895,457,10630,1035,2880,455
Delaware,American Indian or Alaska Native and Black or African American,04000US10,11,1695,488,1270,378,1695,488,1270,378
Delaware,Remainder of Two or More Race Responses,04000US10,12,3040,565,1740,412,2960,563,1660,411
Delaware,Hispanic or Latino,04000US10,13,84795,0,54115,0,65870,1120,36365,989
District of Columbia,Total,04000US11,1,672390,0,554335,32,617130,2154,503110,1926
District of Columbia,Not Hispanic or Latino,04000US11,2,600560,0,501240,31,568425,1636,471385,1457
District of Columbia,American Indian or Alaska Native Alone,04000US11,3,1140,213,1070,185,1140,213,1070,185
District of Columbia,Asian Alone,04000US11,4,25645,469,23470,384,17435,644,15545,619
District of Columbia,Black or African American Alone,04000US11,5,316415,705,248605,424,307065,1228,240205,991
District of Columbia,Native Hawaiian or Other Pacific Islander Alone,04000US11,6,240,85,240,85,240,85,240,85
District of Columbia,White Alone,04000US11,7,243105,29,218515,29,228975,1105,205335,972
District of Columbia,American Indian or Alaska Native and White,04000US11,8,945,212,785,185,940,213,780,186
District of Columbia,Asian and White,04000US11,9,5275,441,3410,354,5050,425,3205,336
District of Columbia,Black or African American and White,04000US11,10,4035,506,2270,304,3995,504,2245,304
District of Columbia,American Indian or Alaska Native and Black or African American,04000US11,11,1315,295,1115,234,1315,295,1115,234
District of Columbia,Remainder of Two or More Race Responses,04000US11,12,2455,384,1755,239,2275,352,1645,238
District of Columbia,Hispanic or Latino,04000US11,13,71830,0,53095,0,48705,1451,31725,1280
Florida,Total,04000US12,1,20278445,0,16166865,576,18407385,17696,14461395,16017
Florida,Not Hispanic or Latino,04000US12,2,15263430,0,12391475,521,14542010,8109,11734255,7354
Florida,American Indian or Alaska Native Alone,04000US12,3,42535,1504,34290,1191,41760,1510,33525,1205
Florida,Asian Alone,04000US12,4,544315,3037,439775,2185,397430,3739,306245,3113
Florida,Black or African American Alone,04000US12,5,3156045,5241,2323925,2553,2891895,6236,2087930,5283
Florida,Native Hawaiian or Other Pacific Islander Alone,04000US12,6,11650,862,9350,651,10220,864,7955,660
Florida,White Alone,04000US12,7,11170150,31,9401615,31,10873785,5807,9126515,5350
Florida,American Indian or Alaska Native and White,04000US12,8,60050,1508,48635,1246,59765,1535,48350,1276
Florida,Asian and White,04000US12,9,79935,2774,42550,2036,76405,2718,39380,1955
Florida,Black or African American and White,04000US12,10,129980,4889,46470,1970,127160,4823,44080,2027
Florida,American Indian or Alaska Native and Black or African American,04000US12,11,11040,1269,8120,868,10855,1227,7945,847
Florida,Remainder of Two or More Race Responses,04000US12,12,57725,3144,36745,1933,52735,3022,32335,1863
Florida,Hispanic or Latino,04000US12,13,5015015,0,3775390,195,3865375,13126,2727140,11996
Georgia,Total,04000US13,1,10201635,0,7702430,728,9604740,7834,7155975,7288
Georgia,Not Hispanic or Latino,04000US13,2,9251255,469,7103895,738,8967060,5980,6849260,5238
Georgia,American Indian or Alaska Native Alone,04000US13,3,18560,894,15170,735,18175,925,14825,780
Georgia,Asian Alone,04000US13,4,391685,2602,302405,1605,260025,4077,185175,3195
Georgia,Black or African American Alone,04000US13,5,3163985,4465,2325305,2669,3092945,5693,2261060,4581
Georgia,Native Hawaiian or Other Pacific Islander Alone,04000US13,6,4785,640,3590,470,4270,599,3185,435
Georgia,White Alone,04000US13,7,5487955,4,4364290,35,5413385,3220,4296395,2769
Georgia,American Indian or Alaska Native and White,04000US13,8,29065,905,22485,763,28945,909,22370,761
Georgia,Asian and White,04000US13,9,38190,2292,18710,1360,34880,1974,16540,1266
Georgia,Black or African American and White,04000US13,10,75970,3451,25605,1783,74835,3395,24630,1712
Georgia,American Indian or Alaska Native and Black or African American,04000US13,11,10305,1257,8315,1001,10290,1260,8295,1004
Georgia,Remainder of Two or More Race Responses,04000US13,12,30750,2431,18020,1278,29315,2326,16785,1269
Georgia,Hispanic or Latino,04000US13,13,950380,469,598535,611,637680,4763,306715,4540
Hawaii,Total,04000US15,1,1421660,0,1114075,0,1313580,3514,1016470,3004
Hawaii,Not Hispanic or Latino,04000US15,2,1276275,0,1023745,0,1174300,3367,931720,2914
Hawaii,American Indian or Alaska Native Alone,04000US15,3,1835,260,1630,243,1805,255,1600,241
Hawaii,Asian Alone,04000US15,4,527780,2991,453130,2059,455155,3585,387050,2768
Hawaii,Black or African American Alone,04000US15,5,24120,706,19665,490,23630,691,19210,486
Hawaii,Native Hawaiian or Other Pacific Islander Alone,04000US15,6,131585,1827,96655,1396,113535,2187,81195,1833
Hawaii,White Alone,04000US15,7,317120,15,274100,26,308490,742,265900,702
Hawaii,American Indian or Alaska Native and White,04000US15,8,7345,260,6145,242,7315,260,6115,239
Hawaii,Asian and White,04000US15,9,63980,1951,39330,1319,63265,1932,38780,1309
Hawaii,Black or African American and White,04000US15,10,5005,546,2625,381,4920,553,2540,369
Hawaii,American Indian or Alaska Native and Black or African American,04000US15,11,1190,314,1000,255,1190,314,1000,255
Hawaii,Remainder of Two or More Race Responses,04000US15,12,196320,4267,129460,2766,194990,4244,128325,2761
Hawaii,Hispanic or Latino,04000US15,13,145380,0,90330,0,139280,875,84750,772
Idaho,Total,04000US16,1,1657375,0,1222765,398,1596695,2064,1168165,1724
Idaho,Not Hispanic or Latino,04000US16,2,1455395,0,1099280,327,1434195,1470,1081470,1079
Idaho,American Indian or Alaska Native Alone,04000US16,3,17945,846,13495,629,17900,836,13445,621
Idaho,Asian Alone,04000US16,4,22195,945,17350,632,14545,863,11070,559
Idaho,Black or African American Alone,04000US16,5,10670,651,6915,407,8690,790,5720,456
Idaho,Native Hawaiian or Other Pacific Islander Alone,04000US16,6,2100,330,1540,250,1765,298,1220,270
Idaho,White Alone,04000US16,7,1369560,102,1041840,59,1358780,1007,1032270,832
Idaho,American Indian or Alaska Native and White,04000US16,8,12680,786,8785,594,12680,786,8785,594
Idaho,Asian and White,04000US16,9,9745,874,4730,556,9475,832,4455,488
Idaho,Black or African American and White,04000US16,10,5250,661,2065,412,5225,663,2055,412
Idaho,American Indian or Alaska Native and Black or African American,04000US16,11,340,220,135,59,340,220,135,59
Idaho,Remainder of Two or More Race Responses,04000US16,12,4915,668,2425,288,4795,663,2310,287
Idaho,Hispanic or Latino,04000US16,13,201980,0,123485,234,162500,1644,86700,1517
Illinois,Total,04000US17,1,12854525,0,9895530,502,11940645,8471,9043520,8013
Illinois,Not Hispanic or Latino,04000US17,2,10692455,230,8455480,529,10289225,5304,8088970,4888
Illinois,American Indian or Alaska Native Alone,04000US17,3,14785,889,12435,702,14380,906,12075,715
Illinois,Asian Alone,04000US17,4,675285,2507,537195,1512,478250,3355,358655,2686
Illinois,Black or African American Alone,04000US17,5,1813535,2934,1356680,1969,1781090,3740,1329055,2724
Illinois,Native Hawaiian or Other Pacific Islander Alone,04000US17,6,3140,396,2545,328,2955,393,2355,331
Illinois,White Alone,04000US17,7,7969640,542,6436935,466,7803055,3900,6282800,3559
Illinois,American Indian or Alaska Native and White,04000US17,8,34370,952,25945,795,34265,936,25855,784
Illinois,Asian and White,04000US17,9,68510,2485,32165,1433,63385,2264,27745,1268
Illinois,Black or African American and White,04000US17,10,80510,2558,30130,1482,80180,2539,29820,1472
Illinois,American Indian or Alaska Native and Black or African American,04000US17,11,8565,971,6470,621,8495,938,6400,600
Illinois,Remainder of Two or More Race Responses,04000US17,12,24105,1721,14985,1123,23170,1701,14200,1123
Illinois,Hispanic or Latino,04000US17,13,2162070,232,1440050,263,1651420,5694,954550,5559
Indiana,Total,04000US18,1,6614420,0,5036565,632,6407460,4001,4850325,3595
Indiana,Not Hispanic or Latino,04000US18,2,6172450,182,4763065,581,6067520,3059,4671240,2545
Indiana,American Indian or Alaska Native Alone,04000US18,3,12205,705,10075,568,12165,708,10040,572
Indiana,Asian Alone,04000US18,4,138550,1464,106360,975,76145,1862,51185,1430
Indiana,Black or African American Alone,04000US18,5,607370,2927,435755,1431,593185,3328,423875,2003
Indiana,Native Hawaiian or Other Pacific Islander Alone,04000US18,6,2050,287,1510,240,1855,286,1315,235
Indiana,White Alone,04000US18,7,5288000,78,4150505,78,5261655,1861,4127185,1426
Indiana,American Indian or Alaska Native and White,04000US18,8,24890,792,19580,642,24865,790,19555,645
Indiana,Asian and White,04000US18,9,21285,1253,9825,790,20270,1213,9075,750
Indiana,Black or African American and White,04000US18,10,65380,2520,21085,1186,64930,2492,20875,1184
Indiana,American Indian or Alaska Native and Black or African American,04000US18,11,2655,495,2160,419,2655,495,2160,419
Indiana,Remainder of Two or More Race Responses,04000US18,12,10055,1063,6210,638,9795,1054,5970,638
Indiana,Hispanic or Latino,04000US18,13,441970,183,273500,294,339940,2416,179085,2155
Iowa,Total,04000US19,1,3118100,0,2389400,632,3020835,2244,2302495,1976
Iowa,Not Hispanic or Latino,04000US19,2,2939810,189,2282335,603,2883715,2024,2233055,1649
Iowa,American Indian or Alaska Native Alone,04000US19,3,8660,577,6830,471,8640,575,6810,470
Iowa,Asian Alone,04000US19,4,71150,1067,54265,847,39400,1241,26215,974
Iowa,Black or African American Alone,04000US19,5,104805,1486,70685,761,95210,1669,62860,1054
Iowa,Native Hawaiian or Other Pacific Islander Alone,04000US19,6,2705,415,1670,254,2080,407,1135,270
Iowa,White Alone,04000US19,7,2699630,42,2125805,34,2686465,1315,2113840,1210
Iowa,American Indian or Alaska Native and White,04000US19,8,10360,785,7295,634,10330,773,7260,625
Iowa,Asian and White,04000US19,9,11250,915,4920,554,10690,879,4370,469
Iowa,Black or African American and White,04000US19,10,25665,1242,7700,647,25535,1246,7570,634
Iowa,American Indian or Alaska Native and Black or African American,04000US19,11,1645,468,995,265,1645,468,995,265
Iowa,Remainder of Two or More Race Responses,04000US19,12,3930,626,2165,380,3720,578,1995,339
Iowa,Hispanic or Latino,04000US19,13,178295,190,107065,196,137120,1561,69440,1292
Kansas,Total,04000US20,1,2903820,0,2185545,431,2776045,3027,2069335,2701
Kansas,Not Hispanic or Latino,04000US20,2,2568960,74,1981040,400,2519280,1846,1937090,1563
Kansas,American Indian or Alaska Native Alone,04000US20,3,19270,900,14930,631,19250,902,14910,631
Kansas,Asian Alone,04000US20,4,80740,1002,62700,715,51215,1283,36285,1020
Kansas,Black or African American Alone,04000US20,5,163985,1640,121130,972,157450,1596,115685,953
Kansas,Native Hawaiian or Other Pacific Islander Alone,04000US20,6,1685,346,1410,292,1365,259,1145,229
Kansas,White Alone,04000US20,7,2222690,149,1740660,108,2210365,1054,1729605,898
Kansas,American Indian or Alaska Native and White,04000US20,8,26510,895,18810,645,26495,897,18800,649
Kansas,Asian and White,04000US20,9,13155,908,6100,570,12440,822,5555,520
Kansas,Black or African American and White,04000US20,10,29655,1447,8985,734,29645,1447,8975,733
Kansas,American Indian or Alaska Native and Black or African American,04000US20,11,2690,511,1995,364,2690,511,1995,364
Kansas,Remainder of Two or More Race Responses,04000US20,12,8575,800,4310,501,8370,794,4135,487
Kansas,Hispanic or Latino,04000US20,13,334860,74,204505,139,256760,2524,132245,2215
Kentucky,Total,04000US21,1,4424375,0,3411785,674,4324940,2726,3325140,2297
Kentucky,Not Hispanic or Latino,04000US21,2,4272305,568,3318650,542,4217040,2312,3272300,1679
Kentucky,American Indian or Alaska Native Alone,04000US21,3,8125,668,6635,582,7890,667,6505,575
Kentucky,Asian Alone,04000US21,4,59635,1360,44420,968,35385,1417,24180,1085
Kentucky,Black or African American Alone,04000US21,5,350280,1958,260775,1105,339870,2310,253175,1452
Kentucky,Native Hawaiian or Other Pacific Islander Alone,04000US21,6,2080,318,1445,226,1740,324,1140,243
Kentucky,White Alone,04000US21,7,3768860,389,2965780,376,3750220,1635,2948905,1407
Kentucky,American Indian or Alaska Native and White,04000US21,8,17005,731,14335,676,16970,730,14300,677
Kentucky,Asian and White,04000US21,9,12710,1133,6305,717,11845,1029,5610,619
Kentucky,Black or African American and White,04000US21,10,44420,1847,12855,877,44340,1857,12775,880
Kentucky,American Indian or Alaska Native and Black or African American,04000US21,11,2075,414,1790,351,2055,413,1775,350
Kentucky,Remainder of Two or More Race Responses,04000US21,12,7110,756,4310,438,6710,715,3940,395
Kentucky,Hispanic or Latino,04000US21,13,152070,567,93135,564,107900,1577,52840,1393
Louisiana,Total,04000US22,1,4663460,0,3550730,637,4548975,3380,3447640,3249
Louisiana,Not Hispanic or Latino,04000US22,2,4431755,272,3388885,612,4383875,2264,3345280,2270
Louisiana,American Indian or Alaska Native Alone,04000US22,3,24910,941,19190,763,24795,935,19070,751
Louisiana,Asian Alone,04000US22,4,81375,877,63800,608,56340,1443,41335,1223
Louisiana,Black or African American Alone,04000US22,5,1493440,2591,1084310,1547,1487180,2740,1078510,1764
Louisiana,Native Hawaiian or Other Pacific Islander Alone,04000US22,6,1175,262,865,198,1095,216,785,162
Louisiana,White Alone,04000US22,7,2757745,29,2184120,16,2741965,1509,2169530,1419
Louisiana,American Indian or Alaska Native and White,04000US22,8,18800,940,13020,761,18785,936,13005,756
Louisiana,Asian and White,04000US22,9,10010,861,5295,563,9565,839,4905,561
Louisiana,Black or African American and White,04000US22,10,30055,1891,9755,985,30000,1889,9695,984
Louisiana,American Indian or Alaska Native and Black or African American,04000US22,11,4415,789,3270,573,4415,789,3270,573
Louisiana,Remainder of Two or More Race Responses,04000US22,12,9825,1265,5265,666,9735,1260,5175,661
Louisiana,Hispanic or Latino,04000US22,13,231710,272,161845,345,165100,2620,102355,2168
Maine,Total,04000US23,1,1330160,0,1073330,210,1309200,1123,1055130,876
Maine,Not Hispanic or Latino,04000US23,2,1309730,0,1059630,182,1290665,1144,1043160,897
Maine,American Indian or Alaska Native Alone,04000US23,3,7645,488,5920,367,7535,471,5825,349
Maine,Asian Alone,04000US23,4,14765,483,11590,326,10395,513,7625,393
Maine,Black or African American Alone,04000US23,5,16095,612,10195,398,11700,708,7190,453
Maine,Native Hawaiian or Other Pacific Islander Alone,04000US23,6,230,98,175,75,215,95,160,71
Maine,White Alone,04000US23,7,1245835,23,1017480,23,1236100,807,1008455,693
Maine,American Indian or Alaska Native and White,04000US23,8,12375,548,8510,392,12360,550,8495,391
Maine,Asian and White,04000US23,9,5380,459,2540,302,5150,455,2390,293
Maine,Black or African American and White,04000US23,10,5375,508,1890,272,5300,510,1815,264
Maine,American Indian or Alaska Native and Black or African American,04000US23,11,285,131,250,125,275,131,240,123
Maine,Remainder of Two or More Race Responses,04000US23,12,1745,303,1080,258,1630,272,965,237
Maine,Hispanic or Latino,04000US23,13,20425,0,13700,127,18535,287,11970,289
Maryland,Total,04000US24,1,5996080,0,4648465,166,5552590,6810,4248700,5966
Maryland,Not Hispanic or Latino,04000US24,2,5422775,0,4264750,155,5175245,5210,4043805,4455
Maryland,American Indian or Alaska Native Alone,04000US24,3,11865,660,9725,517,11700,668,9595,522
Maryland,Asian Alone,04000US24,4,374925,1621,297325,1090,272845,2797,205445,2244
Maryland,Black or African American Alone,04000US24,5,1762745,2786,1345295,1678,1672085,4118,1264700,3219
Maryland,Native Hawaiian or Other Pacific Islander Alone,04000US24,6,2455,284,2005,201,2250,268,1800,187
Maryland,White Alone,04000US24,7,3119290,28,2533785,28,3068715,2607,2488715,2073
Maryland,American Indian or Alaska Native and White,04000US24,8,15545,678,11775,532,15395,698,11690,531
Maryland,Asian and White,04000US24,9,41365,1604,19095,1011,39230,1520,17550,908
Maryland,Black or African American and White,04000US24,10,55490,2270,20445,1071,55010,2244,19975,1052
Maryland,American Indian or Alaska Native and Black or African American,04000US24,11,11230,1077,8745,809,11230,1077,8745,809
Maryland,Remainder of Two or More Race Responses,04000US24,12,27870,1667,16540,1047,26780,1564,15590,967
Maryland,Hispanic or Latino,04000US24,13,573305,0,383715,71,377345,4081,204900,3731
Massachusetts,Total,04000US25,1,6789320,0,5405785,276,6270025,7283,4931670,6288
Massachusetts,Not Hispanic or Latino,04000US25,2,6029140,457,4885160,377,5649405,6063,4537270,5389
Massachusetts,American Indian or Alaska Native Alone,04000US25,3,9180,890,7155,674,8730,901,6730,683
Massachusetts,Asian Alone,04000US25,4,431125,1741,342930,1071,289790,3062,212355,2522
Massachusetts,Black or African American Alone,04000US25,5,467760,2378,353355,1702,393655,2949,287205,2603
Massachusetts,Native Hawaiian or Other Pacific Islander Alone,04000US25,6,2155,359,1800,296,1820,277,1555,253
Massachusetts,White Alone,04000US25,7,4992055,29,4111515,29,4836585,4359,3968050,3717
Massachusetts,American Indian or Alaska Native and White,04000US25,8,18260,924,14120,689,18070,927,13925,687
Massachusetts,Asian and White,04000US25,9,42120,1776,19855,1035,38900,1738,17245,912
Massachusetts,Black or African American and White,04000US25,10,46040,2171,21245,1315,42670,1943,18160,1106
Massachusetts,American Indian or Alaska Native and Black or African American,04000US25,11,4615,724,3800,632,4555,726,3740,636
Massachusetts,Remainder of Two or More Race Responses,04000US25,12,15835,1085,9385,750,14635,1073,8295,729
Massachusetts,Hispanic or Latino,04000US25,13,760175,458,520630,362,620620,3377,394400,2971
Michigan,Total,04000US26,1,9925570,0,7717045,373,9609110,4978,7435280,4229
Michigan,Not Hispanic or Latino,04000US26,2,9441000,68,7411405,358,9201950,4232,7200825,3561
Michigan,American Indian or Alaska Native Alone,04000US26,3,44755,1289,34660,923,44195,1291,34150,940
Michigan,Asian Alone,04000US26,4,291005,2245,225080,1413,181845,2663,128305,2032
Michigan,Black or African American Alone,04000US26,5,1363760,3352,1015940,1876,1348010,3717,1002255,2350
Michigan,Native Hawaiian or Other Pacific Islander Alone,04000US26,6,2370,332,1920,292,2250,314,1810,281
Michigan,White Alone,04000US26,7,7505105,23,6012285,23,7396580,3333,5916570,2720
Michigan,American Indian or Alaska Native and White,04000US26,8,59105,1254,42155,919,58995,1248,42045,913
Michigan,Asian and White,04000US26,9,45120,2132,21270,1323,41520,1925,18695,1144
Michigan,Black or African American and White,04000US26,10,90895,3005,32880,1377,90490,3009,32540,1391
Michigan,American Indian or Alaska Native and Black or African American,04000US26,11,13595,1157,10355,798,13570,1160,10335,803
Michigan,Remainder of Two or More Race Responses,04000US26,12,25285,1402,14860,935,24485,1360,14120,870
Michigan,Hispanic or Latino,04000US26,13,484570,69,305640,81,407160,2111,234455,1863
Minnesota,Total,04000US27,1,5490725,0,4204390,254,5267840,4489,4010715,3491
Minnesota,Not Hispanic or Latino,04000US27,2,5206075,82,4031170,225,5060190,3680,3908770,2883
Minnesota,American Indian or Alaska Native Alone,04000US27,3,52540,1010,36685,800,52210,1020,36380,803
Minnesota,Asian Alone,04000US27,4,256815,1814,184070,1007,191100,2407,126980,1738
Minnesota,Black or African American Alone,04000US27,5,322635,2975,211495,1541,276660,3466,175970,2049
Minnesota,Native Hawaiian or Other Pacific Islander Alone,04000US27,6,1715,195,1340,188,1385,175,1070,178
Minnesota,White Alone,04000US27,7,4440825,26,3535575,24,4409620,1599,3508260,1245
Minnesota,American Indian or Alaska Native and White,04000US27,8,32255,1029,21205,789,32190,1032,21150,791
Minnesota,Asian and White,04000US27,9,33005,1638,13325,857,31890,1564,12425,791
Minnesota,Black or African American and White,04000US27,10,47965,2534,17710,1340,47780,2517,17595,1340
Minnesota,American Indian or Alaska Native and Black or African American,04000US27,11,3570,491,2230,382,3505,483,2165,370
Minnesota,Remainder of Two or More Race Responses,04000US27,12,14755,1074,7535,703,13850,1043,6780,635
Minnesota,Hispanic or Latino,04000US27,13,284650,81,173215,85,207650,2163,101945,1856
Mississippi,Total,04000US28,1,2986220,0,2259920,582,2943750,1694,2220810,1606
Mississippi,Not Hispanic or Latino,04000US28,2,2897960,496,2202750,559,2880520,1228,2186720,1136
Mississippi,American Indian or Alaska Native Alone,04000US28,3,12575,576,8920,457,12510,562,8860,446
Mississippi,Asian Alone,04000US28,4,28940,1034,22840,742,19545,1163,14380,913
Mississippi,Black or African American Alone,04000US28,5,1119500,2021,810585,1080,1118000,1993,809185,1112
Mississippi,Native Hawaiian or Other Pacific Islander Alone,04000US28,6,590,194,525,159,550,184,485,147
Mississippi,White Alone,04000US28,7,1704160,5,1345320,104,1698180,831,1339700,835
Mississippi,American Indian or Alaska Native and White,04000US28,8,7170,686,4910,519,7170,686,4910,519
Mississippi,Asian and White,04000US28,9,4985,734,2545,416,4685,733,2245,399
Mississippi,Black or African American and White,04000US28,10,15025,1459,3720,528,14980,1451,3675,526
Mississippi,American Indian or Alaska Native and Black or African American,04000US28,11,1630,424,1255,309,1630,424,1255,309
Mississippi,Remainder of Two or More Race Responses,04000US28,12,3380,531,2125,343,3270,549,2025,359
Mississippi,Hispanic or Latino,04000US28,13,88260,496,57170,497,63230,1273,34090,1118
Missouri,Total,04000US29,1,6075300,0,4685890,776,5944260,3397,4567240,3162
Missouri,Not Hispanic or Latino,04000US29,2,5830880,158,4531815,710,5748565,2613,4457785,2426
Missouri,American Indian or Alaska Native Alone,04000US29,3,22795,1037,18460,802,22775,1040,18450,801
Missouri,Asian Alone,04000US29,4,113260,1335,88915,923,71565,1714,51310,1512
Missouri,Black or African American Alone,04000US29,5,700400,2627,513390,1437,689485,2968,503975,1651
Missouri,Native Hawaiian or Other Pacific Islander Alone,04000US29,6,5790,503,4115,362,4565,501,3040,358
Missouri,White Alone,04000US29,7,4856680,36,3838295,35,4830805,1631,3814615,1450
Missouri,American Indian or Alaska Native and White,04000US29,8,37775,1103,28595,857,37755,1106,28575,864
Missouri,Asian and White,04000US29,9,23380,1262,11720,765,21750,1268,10345,746
Missouri,Black or African American and White,04000US29,10,50520,2141,15740,1107,50250,2118,15470,1083
Missouri,American Indian or Alaska Native and Black or African American,04000US29,11,4785,715,3725,525,4755,714,3725,525
Missouri,Remainder of Two or More Race Responses,04000US29,12,15500,1228,8855,788,14855,1228,8275,779
Missouri,Hispanic or Latino,04000US29,13,244420,158,154075,244,195695,1894,109455,1661
Montana,Total,04000US30,1,1029860,0,803705,380,1019465,720,794085,829
Montana,Not Hispanic or Latino,04000US30,2,993235,70,780595,315,985175,624,772975,681
Montana,American Indian or Alaska Native Alone,04000US30,3,64265,853,42000,547,64215,853,41960,543
Montana,Asian Alone,04000US30,4,7360,438,6145,366,5025,482,3945,423
Montana,Black or African American Alone,04000US30,5,4195,378,3350,268,3695,413,2910,313
Montana,Native Hawaiian or Other Pacific Islander Alone,04000US30,6,540,160,430,123,455,139,345,101
Montana,White Alone,04000US30,7,892375,97,714545,95,887385,504,709785,484
Montana,American Indian or Alaska Native and White,04000US30,8,14140,829,9335,568,14140,829,9335,568
Montana,Asian and White,04000US30,9,3850,400,1975,310,3755,396,1880,303
Montana,Black or African American and White,04000US30,10,3530,442,1270,235,3530,443,1265,237
Montana,American Indian or Alaska Native and Black or African American,04000US30,11,420,186,225,117,420,186,225,117
Montana,Remainder of Two or More Race Responses,04000US30,12,2560,411,1330,279,2555,410,1330,279
Montana,Hispanic or Latino,04000US30,13,36625,71,23110,224,34290,343,21105,374
Nebraska,Total,04000US31,1,1893920,0,1424100,443,1811000,2079,1350095,1906
Nebraska,Not Hispanic or Latino,04000US31,2,1695620,34,1305640,411,1663090,1259,1277780,1167
Nebraska,American Indian or Alaska Native Alone,04000US31,3,13195,643,8575,455,13170,641,8555,450
Nebraska,Asian Alone,04000US31,4,42175,827,31580,519,24185,961,16430,701
Nebraska,Black or African American Alone,04000US31,5,87740,1045,61480,537,81455,1229,56260,727
Nebraska,Native Hawaiian or Other Pacific Islander Alone,04000US31,6,1355,322,1130,239,1215,251,990,199
Nebraska,White Alone,04000US31,7,1514050,41,1185470,28,1506985,768,1179015,659
Nebraska,American Indian or Alaska Native and White,04000US31,8,9355,573,6330,460,9340,577,6315,463
Nebraska,Asian and White,04000US31,9,7515,781,3920,445,6770,713,3325,373
Nebraska,Black or African American and White,04000US31,10,14095,938,3685,396,14085,940,3675,397
Nebraska,American Indian or Alaska Native and Black or African American,04000US31,11,1830,350,1255,248,1830,350,1255,248
Nebraska,Remainder of Two or More Race Responses,04000US31,12,4320,582,2205,324,4055,536,1960,281
Nebraska,Hispanic or Latino,04000US31,13,198300,32,118465,142,147910,1701,72320,1400
Nevada,Total,04000US32,1,2887725,0,2217725,267,2594340,3884,1943710,3668
Nevada,Not Hispanic or Latino,04000US32,2,2073420,0,1676580,268,1984975,2829,1594975,2432
Nevada,American Indian or Alaska Native Alone,04000US32,3,24580,773,19085,621,24395,782,18905,627
Nevada,Asian Alone,04000US32,4,230010,1883,192180,1221,179285,2314,145520,1792
Nevada,Black or African American Alone,04000US32,5,244190,1882,181870,1129,236255,2044,174830,1276
Nevada,Native Hawaiian or Other Pacific Islander Alone,04000US32,6,17780,498,13435,324,16990,526,12690,359
Nevada,White Alone,04000US32,7,1462380,29,1217255,15,1435785,1305,1192065,1224
Nevada,American Indian or Alaska Native and White,04000US32,8,13195,729,9930,599,13175,730,9910,598
Nevada,Asian and White,04000US32,9,30205,1644,15375,987,29230,1637,14535,937
Nevada,Black or African American and White,04000US32,10,22895,1378,9430,777,22710,1381,9280,758
Nevada,American Indian or Alaska Native and Black or African American,04000US32,11,2225,385,1810,316,2225,385,1810,316
Nevada,Remainder of Two or More Race Responses,04000US32,12,25960,1436,16210,981,24925,1353,15430,938
Nevada,Hispanic or Latino,04000US32,13,814305,0,541145,0,609365,3233,348735,3046
New Hampshire,Total,04000US33,1,1331850,0,1067990,116,1295445,1563,1034685,1370
New Hampshire,Not Hispanic or Latino,04000US33,2,1286580,0,1037755,79,1256775,1256,1010500,1097
New Hampshire,American Indian or Alaska Native Alone,04000US33,3,1860,357,1445,243,1810,354,1400,236
New Hampshire,Asian Alone,04000US33,4,33570,636,26295,441,19970,650,13900,625
New Hampshire,Black or African American Alone,04000US33,5,16320,751,12020,499,13340,749,9500,551
New Hampshire,Native Hawaiian or Other Pacific Islander Alone,04000US33,6,235,75,210,73,235,76,210,73
New Hampshire,White Alone,04000US33,7,1212740,270,985405,244,1199990,1003,973465,905
New Hampshire,American Indian or Alaska Native and White,04000US33,8,6970,338,5680,258,6960,339,5680,258
New Hampshire,Asian and White,04000US33,9,6725,582,2950,389,6440,564,2730,363
New Hampshire,Black or African American and White,04000US33,10,5810,602,2100,384,5785,598,2075,381
New Hampshire,American Indian or Alaska Native and Black or African American,04000US33,11,430,183,420,185,430,183,420,185
New Hampshire,Remainder of Two or More Race Responses,04000US33,12,1930,418,1235,266,1815,394,1120,234
New Hampshire,Hispanic or Latino,04000US33,13,45265,0,30235,84,38670,863,24185,771
New Jersey,Total,04000US34,1,8960160,0,6960340,306,8062710,9111,6142330,8259
New Jersey,Not Hispanic or Latino,04000US34,2,7195640,0,5709285,300,6720475,5388,5278780,4727
New Jersey,American Indian or Alaska Native Alone,04000US34,3,9455,696,7225,532,9000,709,6770,558
New Jersey,Asian Alone,04000US34,4,850725,1901,662540,1099,593870,4283,431120,3449
New Jersey,Black or African American Alone,04000US34,5,1152665,2332,880845,1596,1078500,3006,813910,2423
New Jersey,Native Hawaiian or Other Pacific Islander Alone,04000US34,6,2330,309,1770,262,1925,276,1465,260
New Jersey,White Alone,04000US34,7,5045945,28,4086375,28,4906505,3222,3958360,2771
New Jersey,American Indian or Alaska Native and White,04000US34,8,14380,694,11085,565,14115,689,10820,528
New Jersey,Asian and White,04000US34,9,43065,1669,17860,973,41015,1515,16125,829
New Jersey,Black or African American and White,04000US34,10,46345,2300,20120,1258,45895,2265,19725,1223
New Jersey,American Indian or Alaska Native and Black or African American,04000US34,11,7585,821,6000,653,7540,818,5955,649
New Jersey,Remainder of Two or More Race Responses,04000US34,12,23150,1543,15465,1114,22120,1517,14525,1087
New Jersey,Hispanic or Latino,04000US34,13,1764520,0,1251055,0,1342235,6801,863555,6307
New Mexico,Total,04000US35,1,2084830,0,1587100,389,1958450,3719,1471670,3201
New Mexico,Not Hispanic or Latino,04000US35,2,1080725,0,880310,390,1059530,1510,861255,1313
New Mexico,American Indian or Alaska Native Alone,04000US35,3,182045,1243,131300,909,182015,1246,131270,907
New Mexico,Asian Alone,04000US35,4,28405,760,23450,613,20375,760,16000,655
New Mexico,Black or African American Alone,04000US35,5,37910,911,29600,551,36195,976,28195,620
New Mexico,Native Hawaiian or Other Pacific Islander Alone,04000US35,6,980,196,790,163,950,200,760,168
New Mexico,White Alone,04000US35,7,799275,93,676020,82,788675,1140,666565,965
New Mexico,American Indian or Alaska Native and White,04000US35,8,11490,968,7585,707,11485,969,7580,708
New Mexico,Asian and White,04000US35,9,8985,756,4970,598,8365,687,4445,510
New Mexico,Black or African American and White,04000US35,10,5855,764,2765,417,5825,765,2740,413
New Mexico,American Indian or Alaska Native and Black or African American,04000US35,11,2155,522,1400,408,2155,522,1400,408
New Mexico,Remainder of Two or More Race Responses,04000US35,12,3630,596,2430,382,3490,597,2300,379
New Mexico,Hispanic or Latino,04000US35,13,1004105,0,706790,0,898920,3246,610410,2683
New York,Total,04000US36,1,19798230,0,15594925,394,17792215,16485,13741920,15339
New York,Not Hispanic or Latino,04000US36,2,16071990,0,12888235,391,14892960,10832,11801495,10166
New York,American Indian or Alaska Native Alone,04000US36,3,47910,1482,36950,1072,45780,1397,35070,1031
New York,Asian Alone,04000US36,4,1681630,2807,1358200,2000,1160650,5814,879300,5338
New York,Black or African American Alone,04000US36,5,2889580,4781,2235645,2948,2598555,6026,1968765,5171
New York,Native Hawaiian or Other Pacific Islander Alone,04000US36,6,8440,534,6995,430,6890,581,5570,476
New York,White Alone,04000US36,7,11116475,27,9068055,27,10774395,5507,8748075,5170
New York,American Indian or Alaska Native and White,04000US36,8,41840,1473,30850,1067,41570,1460,30575,1052
New York,Asian and White,04000US36,9,103660,2509,51265,1747,91165,2300,41370,1375
New York,Black or African American and White,04000US36,10,109985,3638,48885,1898,107620,3564,46995,1841
New York,American Indian or Alaska Native and Black or African American,04000US36,11,17650,1599,14225,1205,17320,1585,13990,1195
New York,Remainder of Two or More Race Responses,04000US36,12,54815,2221,37170,1564,49015,2012,31780,1409
New York,Hispanic or Latino,04000US36,13,3726240,0,2706690,35,2899260,9782,1940425,8917
North Carolina,Total,04000US37,1,10052565,0,7762880,472,9554255,6046,7309765,5273
North Carolina,Not Hispanic or Latino,04000US37,2,9137770,126,7204515,494,8947720,4033,7036565,3644
North Carolina,American Indian or Alaska Native Alone,04000US37,3,109560,1290,82840,996,109430,1293,82745,1006
North Carolina,Asian Alone,04000US37,4,270095,1885,204695,1183,175185,2729,122205,2074
North Carolina,Black or African American Alone,04000US37,5,2135990,3945,1616315,2153,2104855,4698,1589445,2955
North Carolina,Native Hawaiian or Other Pacific Islander Alone,04000US37,6,5190,471,4030,400,4520,394,3490,358
North Carolina,White Alone,04000US37,7,6412500,179,5194795,73,6352250,2276,5139460,2039
North Carolina,American Indian or Alaska Native and White,04000US37,8,37570,1303,27605,1029,37515,1296,27545,1027
North Carolina,Asian and White,04000US37,9,35910,1775,17465,1072,34385,1679,16170,993
North Carolina,Black or African American and White,04000US37,10,84650,3084,27955,1466,84260,3047,27560,1422
North Carolina,American Indian or Alaska Native and Black or African American,04000US37,11,16825,1607,12035,1145,16810,1609,12015,1144
North Carolina,Remainder of Two or More Race Responses,04000US37,12,29480,2049,16780,1163,28510,2024,15935,1135
North Carolina,Hispanic or Latino,04000US37,13,914790,126,558370,115,606535,4341,273200,3805
North Dakota,Total,04000US38,1,745475,0,575105,260,729180,1253,560530,1073
North Dakota,Not Hispanic or Latino,04000US38,2,720730,127,559270,193,706660,1156,546815,989
North Dakota,American Indian or Alaska Native Alone,04000US38,3,38675,759,24440,536,38620,761,24385,538
North Dakota,Asian Alone,04000US38,4,10125,508,8095,389,4380,537,3135,407
North Dakota,Black or African American Alone,04000US38,5,17040,590,12115,325,13415,787,8880,594
North Dakota,Native Hawaiian or Other Pacific Islander Alone,04000US38,6,315,127,260,106,290,125,235,105
North Dakota,White Alone,04000US38,7,639480,17,506325,16,635215,616,502415,531
North Dakota,American Indian or Alaska Native and White,04000US38,8,7460,687,4615,486,7455,688,4610,488
North Dakota,Asian and White,04000US38,9,2585,481,1350,317,2395,447,1175,276
North Dakota,Black or African American and White,04000US38,10,3160,559,1155,295,3110,557,1105,293
North Dakota,American Indian or Alaska Native and Black or African American,04000US38,11,210,128,55,43,175,102,55,43
North Dakota,Remainder of Two or More Race Responses,04000US38,12,1680,415,860,236,1605,406,815,233
North Dakota,Hispanic or Latino,04000US38,13,24745,125,15835,200,22520,499,13715,466
Ohio,Total,04000US39,1,11609755,0,8982590,484,11361835,5302,8761635,4183
Ohio,Not Hispanic or Latino,04000US39,2,11195265,153,8721045,445,11005915,4332,8553395,3346
Ohio,American Indian or Alaska Native Alone,04000US39,3,17180,1050,14140,852,16990,1018,13955,821
Ohio,Asian Alone,04000US39,4,237865,1732,185560,1094,143455,2123,101225,1793
Ohio,Black or African American Alone,04000US39,5,1413670,3512,1038225,1960,1383400,3940,1012265,2580
Ohio,Native Hawaiian or Other Pacific Islander Alone,04000US39,6,3135,294,2325,209,2815,292,2055,196
Ohio,White Alone,04000US39,7,9257370,191,7351790,168,9197295,2735,7298250,2119
Ohio,American Indian or Alaska Native and White,04000US39,8,45855,1092,35580,926,45825,1088,35545,922
Ohio,Asian and White,04000US39,9,43285,1724,20940,1050,39970,1625,18265,991
Ohio,Black or African American and White,04000US39,10,141345,3355,49290,1696,141025,3325,49005,1684
Ohio,American Indian or Alaska Native and Black or African American,04000US39,11,10825,1041,8280,748,10825,1041,8280,748
Ohio,Remainder of Two or More Race Responses,04000US39,12,24735,1406,14910,898,24315,1355,14550,879
Ohio,Hispanic or Latino,04000US39,13,414490,151,261545,240,355920,2264,208240,1813
Oklahoma,Total,04000US40,1,3896250,0,2939975,304,3745765,2912,2802585,2444
Oklahoma,Not Hispanic or Latino,04000US40,2,3501370,0,2702280,252,3452200,1734,2657785,1593
Oklahoma,American Indian or Alaska Native Alone,04000US40,3,277240,2682,195425,1787,277065,2689,195265,1785
Oklahoma,Asian Alone,04000US40,4,80100,1067,62510,738,53270,1347,38585,1134
Oklahoma,Black or African American Alone,04000US40,5,279825,1771,206580,1070,273985,1855,201230,1297
Oklahoma,Native Hawaiian or Other Pacific Islander Alone,04000US40,6,5205,317,3480,222,3940,381,2340,253
Oklahoma,White Alone,04000US40,7,2592600,168,2075025,137,2578630,1069,2062125,944
Oklahoma,American Indian or Alaska Native and White,04000US40,8,182790,2769,121390,1818,182775,2774,121375,1818
Oklahoma,Asian and White,04000US40,9,15990,1005,8590,649,15225,971,7880,605
Oklahoma,Black or African American and White,04000US40,10,33500,1485,10405,858,33385,1493,10300,855
Oklahoma,American Indian or Alaska Native and Black or African American,04000US40,11,17755,1098,11210,699,17720,1096,11175,692
Oklahoma,Remainder of Two or More Race Responses,04000US40,12,16360,1094,7660,659,16200,1088,7505,648
Oklahoma,Hispanic or Latino,04000US40,13,394880,0,237700,104,293560,2117,144800,1779
Oregon,Total,04000US41,1,4025125,0,3160870,248,3795490,4697,2948765,4112
Oregon,Not Hispanic or Latino,04000US41,2,3515620,0,2840045,241,3416075,2577,2749580,2053
Oregon,American Indian or Alaska Native Alone,04000US41,3,35020,1324,26965,951,34920,1329,26875,952
Oregon,Asian Alone,04000US41,4,165520,1746,134270,1037,116740,1829,89780,1413
Oregon,Black or African American Alone,04000US41,5,72970,1285,54280,717,66825,1612,49770,944
Oregon,Native Hawaiian or Other Pacific Islander Alone,04000US41,6,14705,750,10620,439,11540,802,7730,542
Oregon,White Alone,04000US41,7,3085915,7,2528835,3,3046840,1664,2492300,1469
Oregon,American Indian or Alaska Native and White,04000US41,8,52225,1443,39065,1046,52120,1446,38975,1055
Oregon,Asian and White,04000US41,9,42175,1498,21375,896,40975,1474,20290,858
Oregon,Black or African American and White,04000US41,10,23330,1258,9350,650,22970,1220,9160,626
Oregon,American Indian or Alaska Native and Black or African American,04000US41,11,1585,460,1430,450,1570,456,1415,446
Oregon,Remainder of Two or More Race Responses,04000US41,12,22175,1279,13855,822,21580,1261,13275,798
Oregon,Hispanic or Latino,04000US41,13,509505,0,320830,28,379415,3663,199185,3345
Pennsylvania,Total,04000US42,1,12790505,0,10101590,359,12387350,6697,9740190,5661
Pennsylvania,Not Hispanic or Latino,04000US42,2,11915670,112,9530610,373,11633560,5043,9277945,4143
Pennsylvania,American Indian or Alaska Native Alone,04000US42,3,14545,730,11950,628,14075,726,11525,623
Pennsylvania,Asian Alone,04000US42,4,420075,1711,327160,1176,281400,2569,202475,2142
Pennsylvania,Black or African American Alone,04000US42,5,1364670,3103,1018660,1701,1316030,3883,976210,2706
Pennsylvania,Native Hawaiian or Other Pacific Islander Alone,04000US42,6,2455,304,2180,250,1965,305,1695,258
Pennsylvania,White Alone,04000US42,7,9896950,287,8064715,301,9808410,2816,7984540,2427
Pennsylvania,American Indian or Alaska Native and White,04000US42,8,29930,734,22350,627,29845,731,22265,623
Pennsylvania,Asian and White,04000US42,9,45450,1766,21490,1133,42050,1567,18835,924
Pennsylvania,Black or African American and White,04000US42,10,104460,3033,37115,1400,103825,3014,36540,1396
Pennsylvania,American Indian or Alaska Native and Black or African American,04000US42,11,11715,1121,8750,772,11700,1121,8745,771
Pennsylvania,Remainder of Two or More Race Responses,04000US42,12,25430,1601,16235,1102,24260,1564,15110,1072
Pennsylvania,Hispanic or Latino,04000US42,13,874835,112,570980,140,753795,3518,462250,2994
Rhode Island,Total,04000US44,1,1056140,0,845555,167,988795,2434,784490,2195
Rhode Island,Not Hispanic or Latino,04000US44,2,902230,0,742015,165,867480,1780,710660,1571
Rhode Island,American Indian or Alaska Native Alone,04000US44,3,4100,384,3020,322,4040,385,2965,314
Rhode Island,Asian Alone,04000US44,4,35645,778,28425,428,23740,1110,17645,818
Rhode Island,Black or African American Alone,04000US44,5,60765,1185,45090,715,52805,1439,38290,896
Rhode Island,Native Hawaiian or Other Pacific Islander Alone,04000US44,6,845,172,630,169,815,176,600,173
Rhode Island,White Alone,04000US44,7,779430,29,652780,29,765680,1176,639715,1035
Rhode Island,American Indian or Alaska Native and White,04000US44,8,3325,381,2460,356,3310,381,2460,356
Rhode Island,Asian and White,04000US44,9,5010,742,2580,384,4500,670,2330,352
Rhode Island,Black or African American and White,04000US44,10,8400,998,3550,532,8215,971,3435,505
Rhode Island,American Indian or Alaska Native and Black or African American,04000US44,11,2270,550,1850,415,2245,543,1825,412
Rhode Island,Remainder of Two or More Race Responses,04000US44,12,2440,683,1630,450,2125,578,1400,363
Rhode Island,Hispanic or Latino,04000US44,13,153910,0,103540,0,121315,1691,73835,1531
South Carolina,Total,04000US45,1,4893445,0,3802490,393,4751535,3628,3673580,3247
South Carolina,Not Hispanic or Latino,04000US45,2,4626045,70,3631245,322,4568345,2294,3579770,2024
South Carolina,American Indian or Alaska Native Alone,04000US45,3,13520,721,10795,596,13470,715,10750,590
South Carolina,Asian Alone,04000US45,4,72185,1099,56610,812,49180,1424,36400,1005
South Carolina,Black or African American Alone,04000US45,5,1323960,2563,994440,1170,1317840,2653,989150,1359
South Carolina,Native Hawaiian or Other Pacific Islander Alone,04000US45,6,2775,457,1975,276,2255,362,1500,213
South Carolina,White Alone,04000US45,7,3125080,29,2524865,29,3098325,1558,2500465,1391
South Carolina,American Indian or Alaska Native and White,04000US45,8,18905,726,14645,592,18905,726,14645,592
South Carolina,Asian and White,04000US45,9,14925,1045,8250,800,13930,976,7425,720
South Carolina,Black or African American and White,04000US45,10,40505,2134,10580,905,40450,2129,10525,906
South Carolina,American Indian or Alaska Native and Black or African American,04000US45,11,5650,1017,4170,678,5640,1015,4160,676
South Carolina,Remainder of Two or More Race Responses,04000US45,12,8540,820,4915,504,8350,814,4755,504
South Carolina,Hispanic or Latino,04000US45,13,267400,71,171240,234,183195,2414,93810,2266
South Dakota,Total,04000US46,1,855445,0,644485,244,837555,1120,629705,901
South Dakota,Not Hispanic or Latino,04000US46,2,825545,196,627075,242,812630,980,616835,777
South Dakota,American Indian or Alaska Native Alone,04000US46,3,71180,889,43775,579,71150,880,43750,569
South Dakota,Asian Alone,04000US46,4,11685,526,8440,320,5805,516,3610,364
South Dakota,Black or African American Alone,04000US46,5,14345,656,9430,387,10285,864,6595,564
South Dakota,Native Hawaiian or Other Pacific Islander Alone,04000US46,6,385,125,305,105,385,125,305,105
South Dakota,White Alone,04000US46,7,707760,287,554600,275,704950,552,552185,500
South Dakota,American Indian or Alaska Native and White,04000US46,8,11195,725,7070,532,11175,727,7050,536
South Dakota,Asian and White,04000US46,9,2300,373,1020,222,2215,377,935,226
South Dakota,Black or African American and White,04000US46,10,4375,628,1400,302,4375,628,1400,302
South Dakota,American Indian or Alaska Native and Black or African American,04000US46,11,550,178,255,103,550,178,255,103
South Dakota,Remainder of Two or More Race Responses,04000US46,12,1775,358,780,213,1745,357,750,214
South Dakota,Hispanic or Latino,04000US46,13,29900,194,17410,229,24925,516,12870,496
Tennessee,Total,04000US47,1,6597380,0,5099735,632,6391685,4220,4916860,3635
Tennessee,Not Hispanic or Latino,04000US47,2,6257320,243,4893945,534,6163840,3253,4811885,2730
Tennessee,American Indian or Alaska Native Alone,04000US47,3,15255,807,12585,655,14880,802,12245,631
Tennessee,Asian Alone,04000US47,4,111310,1507,85185,925,71150,1914,49650,1321
Tennessee,Black or African American Alone,04000US47,5,1102050,2356,813620,1272,1087700,2630,801360,1824
Tennessee,Native Hawaiian or Other Pacific Islander Alone,04000US47,6,3400,468,2490,315,3185,441,2270,299
Tennessee,White Alone,04000US47,7,4905355,725,3917610,452,4869235,2311,3885780,1966
Tennessee,American Indian or Alaska Native and White,04000US47,8,34325,1107,27070,832,34305,1102,27050,824
Tennessee,Asian and White,04000US47,9,19620,1342,10685,819,17920,1301,9285,809
Tennessee,Black or African American and White,04000US47,10,50640,2092,14700,1048,50480,2103,14565,1045
Tennessee,American Indian or Alaska Native and Black or African American,04000US47,11,3680,677,3060,577,3680,677,3060,577
Tennessee,Remainder of Two or More Race Responses,04000US47,12,11685,1211,6945,814,11310,1200,6615,795
Tennessee,Hispanic or Latino,04000US47,13,340065,242,205790,344,227845,2648,104980,2084
Texas,Total,04000US48,1,27419610,0,20206495,912,24464435,22576,17512735,19661
Texas,Not Hispanic or Latino,04000US48,2,16745705,189,13085715,905,16042460,8465,12471920,6621
Texas,American Indian or Alaska Native Alone,04000US48,3,66460,1795,52550,1470,65910,1768,52060,1457
Texas,Asian Alone,04000US48,4,1237480,3616,952685,2398,856225,6307,615395,5163
Texas,Black or African American Alone,04000US48,5,3211745,5669,2377745,3157,3098220,6869,2282575,4521
Texas,Native Hawaiian or Other Pacific Islander Alone,04000US48,6,20325,1053,15480,771,17875,919,13305,751
Texas,White Alone,04000US48,7,11786660,580,9455200,449,11595490,5194,9288375,4277
Texas,American Indian or Alaska Native and White,04000US48,8,102495,1821,81095,1414,102275,1833,80875,1423
Texas,Asian and White,04000US48,9,109635,3569,56295,2312,99285,3244,47920,1963
Texas,Black or African American and White,04000US48,10,132075,4483,44895,2270,130980,4430,43910,2200
Texas,American Indian or Alaska Native and Black or African American,04000US48,11,20535,1675,15335,1168,20470,1662,15275,1160
Texas,Remainder of Two or More Race Responses,04000US48,12,58300,3411,34440,2095,55725,3377,32230,2031
Texas,Hispanic or Latino,04000US48,13,10673910,192,7120780,230,8421975,18907,5040815,16834
Utah,Total,04000US49,1,2993940,0,2082530,198,2840130,4024,1942340,3573
Utah,Not Hispanic or Latino,04000US49,2,2584630,0,1830615,177,2532295,2483,1784600,2013
Utah,American Indian or Alaska Native Alone,04000US49,3,28435,999,19945,693,28325,990,19835,683
Utah,Asian Alone,04000US49,4,67310,1207,53360,739,44610,1425,33075,1040
Utah,Black or African American Alone,04000US49,5,31800,1015,20775,529,26840,1179,17200,694
Utah,Native Hawaiian or Other Pacific Islander Alone,04000US49,6,26350,1136,17370,587,23330,1055,14620,605
Utah,White Alone,04000US49,7,2370545,141,1689970,113,2350220,1608,1671655,1342
Utah,American Indian or Alaska Native and White,04000US49,8,11955,919,7425,638,11945,920,7415,638
Utah,Asian and White,04000US49,9,20405,1165,9640,675,19710,1123,9140,656
Utah,Black or African American and White,04000US49,10,10325,902,3785,425,10270,899,3740,418
Utah,American Indian or Alaska Native and Black or African American,04000US49,11,790,302,410,190,735,292,355,173
Utah,Remainder of Two or More Race Responses,04000US49,12,16720,1467,7935,773,16305,1427,7565,748
Utah,Hispanic or Latino,04000US49,13,409310,0,251915,100,307835,2979,157745,2719
Vermont,Total,04000US50,1,624635,0,504855,127,611925,904,493440,777
Vermont,Not Hispanic or Latino,04000US50,2,613455,0,496755,121,601795,890,486360,762
Vermont,American Indian or Alaska Native Alone,04000US50,3,1860,272,1555,226,1860,271,1550,226
Vermont,Asian Alone,04000US50,4,9930,364,7935,231,5715,471,4275,401
Vermont,Black or African American Alone,04000US50,5,7615,325,5265,176,6305,355,4385,271
Vermont,Native Hawaiian or Other Pacific Islander Alone,04000US50,6,155,79,140,74,155,75,140,73
Vermont,White Alone,04000US50,7,582955,22,475345,22,577035,632,469655,580
Vermont,American Indian or Alaska Native and White,04000US50,8,4960,301,3915,232,4960,299,3910,231
Vermont,Asian and White,04000US50,9,2540,338,1105,181,2395,297,1005,158
Vermont,Black or African American and White,04000US50,10,2155,309,675,141,2130,302,655,138
Vermont,American Indian or Alaska Native and Black or African American,04000US50,11,250,150,170,128,250,150,170,128
Vermont,Remainder of Two or More Race Responses,04000US50,12,1030,253,645,191,990,250,610,188
Vermont,Hispanic or Latino,04000US50,13,11185,0,8100,33,10130,230,7085,230
Virginia,Total,04000US51,1,8365950,0,6499680,794,7869275,8239,6051620,7378
Virginia,Not Hispanic or Latino,04000US51,2,7616495,582,5992365,804,7343535,5530,5749810,4698
Virginia,American Indian or Alaska Native Alone,04000US51,3,17875,908,14760,805,17730,915,14620,805
Virginia,Asian Alone,04000US51,4,521300,2664,408800,1840,377430,3159,279840,2625
Virginia,Black or African American Alone,04000US51,5,1583165,3555,1210215,2062,1538655,4236,1171305,2853
Virginia,Native Hawaiian or Other Pacific Islander Alone,04000US51,6,4655,373,3750,334,4460,384,3595,337
Virginia,White Alone,04000US51,7,5254050,28,4231710,7,5178390,3076,4164120,2607
Virginia,American Indian or Alaska Native and White,04000US51,8,27470,993,21875,879,27405,992,21810,878
Virginia,Asian and White,04000US51,9,76430,2441,39580,1617,69920,2149,34545,1315
Virginia,Black or African American and White,04000US51,10,83575,3106,31650,1580,82795,3043,30945,1540
Virginia,American Indian or Alaska Native and Black or African American,04000US51,11,11540,1161,9130,884,11540,1161,9130,884
Virginia,Remainder of Two or More Race Responses,04000US51,12,36440,1854,20900,1167,35210,1801,19905,1126
Virginia,Hispanic or Latino,04000US51,13,749460,582,507310,540,525740,5175,301810,4819
Washington,Total,04000US53,1,7169965,0,5554590,269,6648080,7139,5081380,5961
Washington,Not Hispanic or Latino,04000US53,2,6287860,0,5008185,264,5983735,5260,4735735,4388
Washington,American Indian or Alaska Native Alone,04000US53,3,80130,1408,59400,1003,79675,1410,59035,1008
Washington,Asian Alone,04000US53,4,577920,3271,468300,1922,409985,3791,316055,2830
Washington,Black or African American Alone,04000US53,5,252650,2886,190825,1790,229830,2774,171760,1881
Washington,Native Hawaiian or Other Pacific Islander Alone,04000US53,6,44765,987,32685,636,38315,1118,27095,825
Washington,White Alone,04000US53,7,5011390,28,4078555,2,4910340,3172,3987745,2555
Washington,American Indian or Alaska Native and White,04000US53,8,75220,1526,55795,1075,75010,1510,55610,1069
Washington,Asian and White,04000US53,9,106075,2841,53340,1718,103090,2731,51030,1615
Washington,Black or African American and White,04000US53,10,69475,2510,29445,1429,69030,2492,29030,1401
Washington,American Indian or Alaska Native and Black or African American,04000US53,11,7175,968,5165,693,7175,968,5165,693
Washington,Remainder of Two or More Race Responses,04000US53,12,63065,2647,34675,1476,61280,2503,33210,1377
Washington,Hispanic or Latino,04000US53,13,882110,0,546405,0,664345,4560,345645,3917
West Virginia,Total,04000US54,1,1836845,0,1459975,533,1822215,933,1446500,966
West Virginia,Not Hispanic or Latino,04000US54,2,1809820,553,1441420,604,1798810,949,1431185,880
West Virginia,American Indian or Alaska Native Alone,04000US54,3,3255,499,2735,432,3130,509,2610,435
West Virginia,Asian Alone,04000US54,4,14085,518,11590,422,9265,545,7030,460
West Virginia,Black or African American Alone,04000US54,5,65060,1289,51335,747,63770,1274,50210,749
West Virginia,Native Hawaiian or Other Pacific Islander Alone,04000US54,6,500,189,415,156,445,174,365,138
West Virginia,White Alone,04000US54,7,1697755,427,1360870,333,1693555,773,1356935,674
West Virginia,American Indian or Alaska Native and White,04000US54,8,7970,456,6685,446,7920,463,6640,451
West Virginia,Asian and White,04000US54,9,3450,462,1815,300,3125,425,1580,274
West Virginia,Black or African American and White,04000US54,10,14240,1093,3695,473,14240,1093,3695,473
West Virginia,American Indian or Alaska Native and Black or African American,04000US54,11,935,296,655,221,935,296,655,221
West Virginia,Remainder of Two or More Race Responses,04000US54,12,2580,586,1625,345,2430,547,1470,320
West Virginia,Hispanic or Latino,04000US54,13,27020,553,18550,446,23405,612,15310,520
Wisconsin,Total,04000US55,1,5763215,0,4469265,226,5607470,3680,4328520,3020
Wisconsin,Not Hispanic or Latino,04000US55,2,5382625,0,4237495,200,5305655,2605,4169195,2110
Wisconsin,American Indian or Alaska Native Alone,04000US55,3,46060,952,33675,722,45885,966,33525,732
Wisconsin,Asian Alone,04000US55,4,152865,1222,109160,706,109605,1864,71195,1304
Wisconsin,Black or African American Alone,04000US55,5,359955,1937,249240,963,353555,2111,243980,1163
Wisconsin,Native Hawaiian or Other Pacific Islander Alone,04000US55,6,1590,350,1395,260,1230,201,1045,168
Wisconsin,White Alone,04000US55,7,4719950,15,3795665,17,4694295,1419,3772155,1270
Wisconsin,American Indian or Alaska Native and White,04000US55,8,26535,956,18200,765,26460,947,18125,759
Wisconsin,Asian and White,04000US55,9,21170,1070,9735,577,20545,1045,9150,544
Wisconsin,Black or African American and White,04000US55,10,41040,1802,12855,810,40905,1824,12735,824
Wisconsin,American Indian or Alaska Native and Black or African American,04000US55,11,3210,530,2155,327,3205,530,2150,326
Wisconsin,Remainder of Two or More Race Responses,04000US55,12,10255,956,5410,560,9975,964,5140,554
Wisconsin,Hispanic or Latino,04000US55,13,380590,0,231770,88,301815,2187,159325,1880
Wyoming,Total,04000US56,1,583200,0,444840,422,570395,1001,432815,1076
Wyoming,Not Hispanic or Latino,04000US56,2,526520,202,407845,409,521530,636,403280,692
Wyoming,American Indian or Alaska Native Alone,04000US56,3,11980,572,7910,401,11980,572,7910,401
Wyoming,Asian Alone,04000US56,4,4950,398,3975,351,3165,355,2320,334
Wyoming,Black or African American Alone,04000US56,5,5850,580,4395,397,5295,609,3935,437
Wyoming,Native Hawaiian or Other Pacific Islander Alone,04000US56,6,375,240,360,237,355,236,355,236
Wyoming,White Alone,04000US56,7,491965,101,384755,51,489450,431,382405,373
Wyoming,American Indian or Alaska Native and White,04000US56,8,5310,531,3520,335,5310,531,3520,335
Wyoming,Asian and White,04000US56,9,2230,386,1240,298,2185,386,1195,299
Wyoming,Black or African American and White,04000US56,10,2525,515,980,292,2505,512,960,294
Wyoming,American Indian or Alaska Native and Black or African American,04000US56,11,45,40,15,17,45,40,15,17
Wyoming,Remainder of Two or More Race Responses,04000US56,12,1285,355,690,227,1235,339,655,214
Wyoming,Hispanic or Latino,04000US56,13,56680,202,36995,180,48865,843,29535,808
Puerto Rico,Total,04000US72,1,3468965,0,2737635,0,3419030,2206,2690455,2038
Puerto Rico,Not Hispanic or Latino,04000US72,2,36350,2145,30055,1759,33185,2004,27130,1638
Puerto Rico,American Indian or Alaska Native Alone,04000US72,3,85,54,85,54,70,49,70,49
Puerto Rico,Asian Alone,04000US72,4,2430,628,2100,519,1530,521,1215,401
Puerto Rico,Black or African American Alone,04000US72,5,3190,587,2840,570,2765,523,2415,508
Puerto Rico,Native Hawaiian or Other Pacific Islander Alone,04000US72,6,55,35,35,27,55,35,35,27
Puerto Rico,White Alone,04000US72,7,27785,1892,22670,1506,26060,1792,21170,1434
Puerto Rico,American Indian or Alaska Native and White,04000US72,8,180,106,180,106,135,101,135,101
Puerto Rico,Asian and White,04000US72,9,315,143,295,122,295,135,270,117
Puerto Rico,Black or African American and White,04000US72,10,1985,408,1595,357,1955,408,1560,353
Puerto Rico,American Indian or Alaska Native and Black or African American,04000US72,11,4,13,4,13,4,13,4,13
Puerto Rico,Remainder of Two or More Race Responses,04000US72,12,320,168,255,123,315,165,250,121
Puerto Rico,Hispanic or Latino,04000US72,13,3432610,2147,2707580,1761,3385845,3052,2663325,2604
